Messagenumber;ProducerSendTime;Consumer&ProducerSendTime;ConsumerTime;
0 ;14.158900;21.986700; 
0; ;13.355900;10.598600; 
1 ;5.159700;26.282400; 
1; ;15.070400;10.690200; 
2 ;2.403400;32.034300; 
2; ;;10.708800; 
3 ;4.057400;32.150600; 
3; ;;10.732000; 
4 ;5.484900;; 
4; ;;10.749600; 
5 ;;; 
5; ;;10.772000; 
6 ;;; 
6; ;;10.801100; 
7 ;;; 
7; ;;10.854900; 
8 ;;; 
8; ;;10.899700; 
9 ;;; 
9; ;;10.928000; 
CompleteTimeDuration;279.879500; 
