Messagenumber;ProducerSendTime;Consumer&ProducerSendTime;ConsumerTime;
0 ;6.379500;7.482600; 
1 ;2.000000;7.667000; 
2 ;5.736800;7.686300; 
3 ;2.115200;7.722100; 
4 ;2.205800;7.772900; 
5 ;2.189600;7.813600; 
6 ;1.891300;7.840400; 
7 ;1.532400;7.884600; 
8 ;1.667700;7.939600; 
9 ;2.035400;7.982600; 
CompleteTimeDuration;105.545400; 
