Messagenumber;ProducerSendTime;Consumer&ProducerSendTime;ConsumerTime;
0 ;6.142600;8.968300; 
1 ;8.756300;6.764500; 
2 ;1.708100;2.436200; 
3 ;3.302400;2.772300; 
4 ;4.354300;4.001100; 
5 ;5.382200;3.850700; 
6 ;2.885200;4.008600; 
7 ;3.190600;5.502200; 
8 ;1.980000;5.321800; 
9 ;2.024400;5.021500; 
CompleteTimeDuration;88.373300; 
